Name,Quantity,Price
Avoir Advanced Anti Viral Hand Sanitizer,bottle of 500 ml Sanitizer,250
Alphasan Hygiene Rich Sanitizer,bottle of 500 ml Sanitizer,250
VLCC Natural Science Advanced Hand Sanitizer,bottle of 500 ml Sanitizer,250
Mirah Belle Hand Rub Sanitizer,bottle of 500 ml Sanitizer,250
Stericlean-M Hand Cleansing Sanitizer Solution,bottle of 500 ml Sanitizer,50
Kudos Hand Sanitizer Refill,bottle of 500 ml Sanitizer,250
Aurum Antibacterial Hand Sanitizer Gel,bottle of 100 ml Sanitizer,37.5
Stericlean-M Instant Hand Sanitizer Gel Rose Fragrance,bottle of 500 ml Sanitizer,500
Kudos Hand Sanitizer,tube of 75 ml Sanitizer,225
Kudos Hand Sanitizer Refill,bottle of 1 Ltr Sanitizer,125
Dabur Sanitize Hand Sanitizing Rub with Alcohol Gamma,bottle of 450 ml Sanitizer,250
Sri Sri Tattva Swaccha Hand Sanitiser Cologne Splash,bottle of 250 ml Sanitizer,50
Inatur Hand Sanitizer Moisturising,bottle of 500 ml Sanitizer,249
SanNap Hand Rub Advanced Instant Hand Sanitization Lemon,bottle of 500 ml Sanitizer,80
Ralson Remedies Hand Cleanser,bottle of 100 ml Sanitizer,50
Ciphands Professional Topical Antiseptic Solution with Emollient,bottle of 500 ml Sanitizer,50
Axiom Hand Sanitizer,bottle of 160 ml Sanitizer,50
Dr Morepen Protect Instant Hand Sanitizer Lemon,bottle of 100 ml Sanitizer,100
Axiom Hand Sanitizer,bottle of 100 ml Sanitizer,50
Sanfe Space Organics Hand Sanitizer,bottle of 500 ml Sanitizer,80
Axiom Medicated Hand Sanitizer,bottle of 100 ml Sanitizer,250
Cura Hand Sanitizer,bottle of 200 ml Sanitizer,105
Floh Sharp Instant Hand Sanitizer,bottle of 100 ml Sanitizer,400
Axiom Medicated Hand Sanitizer,bottle of 160 ml Sanitizer,105
Stericlean-M Hand Cleansing Sanitizer Solution (100ml Each),combo pack of 5 bottles,100
Healthgenie Stericlenz Hand Rub Hand Sanitizer (100ml Each),combo pack of 3 bottles,175
Khadi Herbal Hand Sanitizer,bottle of 210 ml Sanitizer,100
Stericlean-M Hand Cleansing Sanitizer Solution (200ml Each),combo pack of 4 bottles,250
Khadi Meghdoot Hand Sanitizer,bottle of 210 ml Sanitizer,25
Organic Harvest Hand Cleanser Hand+ Sanitizer (100ml Each),combo pack of 6 bottles,50
Stericlean-M Hand Cleansing Sanitizer Solution,bottle of 200 ml Sanitizer,
Healthgenie Stericlenz Hand Rub Hand Sanitizer,bottle of 1 Ltr Sanitizer,
PHS Synodyna Advanced Hand Sanitizer,bottle of 200 ml Sanitizer,
Inlife Disinfectant Hand Sanitizer Gel,pump bottle of 500 ml Sanitizer,
Inlife Disinfectant Hand Sanitizer Gel (100ml Each),combo pack of 2 bottles,
Ralson Remedies Hand Sanitizer,pump bottle of 500 ml Sanitizer,
Stericlean-M Instant Hand Sanitizer Gel (200ml Each) Rose Fragrance,combo pack of 4 bottles,
SBL Hand Sanitizer,bottle of 50 ml Sanitizer,
i Safe Hand Sanitizer,bottle of 100 ml Sanitizer,
SteriAll-EA Hand Cleansing Sanitizer Solution (100ml Each),combo pack of 5 bottles,
