Name,Price
DABUR Sanitize Hand Sanitizer |60% Alcohol Based Sanitizer (Regular) - 500 ml,250
Himalaya PureHand Sanitizers - 500 ml (Orange),238
Lifebuoy Alcohol Based Germ Protection Hand Sanitizer 500ml,249
DABUR Sanitize Hand Sanitizer| 60% Alcohol Based Sanitizer (Lemon) - 500 ml,250
"Lifebuoy Antibacterial Germ Kill Spray (No Gas) â€“ Safe On Skin, Safe On Surfaces...",149
Oriley Waterless Advanced Hand Sanitizer 70% Isopropyl Alcohol Gel Based Instant...,25
ROTEX Germ Protection Alcohol based Hand Sanitizer (1 Liter),399
Savlon Hand sanitizer Hygienic Hand Rub 500ml Refill,240
"BoroPlus Advanced Anti-Germ Hand Sanitizer, 200ml",95
Mirah Belle - Hand Rub Sanitizer (50 ML) - FDA Approved (72.9% Alcohol) - Best for...,23
KAZIMA Tea Tree Cleansing Gel Hand Sanitizer 70 Isopropyl Alcohol Based Instant...,220
Dabur Sanitize Air Sanitizer - 240 ml,209
Lifebuoy Total Hand Sanitizer 250 ml,120
Oriley Waterless Hand Sanitizer 70% Isopropyl Alcohol Based Instant Germ Protection...,225
